Workbook

Sheet POLAND_GVA
A1: YEAR_QUARTER | B1: YEAR | C1: QUARTER | D1: TIME | E1: LN(TIME) | F1: GVA | G1: LN(GVA) | H1: GVA_LINEAR | I1: GVA_POWER | J1: GVA_EXPONENTIAL
A2: 2017-Q1 | B2: 2017 | C2: 1 | D2: 2 | E2: =LN(gva_processed35[[#This Row],[TIME]]) -> 0.69314718 | F2: 411240.3 | G2: =LN(gva_processed35[[#This Row],[GVA]]) -> 12.926933 | H2: =DA_Tool_Linear!$B$17+DA_Tool_Linear!$B$18*gva_processed35[[#This Row],[TIME]] -> 380427.55 | I2: =EXP(DA_Tool_Power!$B$17)*gva_processed35[[#This Row],[TIME]]^DA_Tool_Power!$B$18 -> 335800.79 | J2: =EXP(DA_Tool_Exponential!$B$17+DA_Tool_Exponential!$B$18*gva_processed35[[#This Row],[TIME]]) -> 407447.96
A3: 2017-Q2 | B3: 2017 | C3: 2 | D3: 3 | E3: =LN(gva_processed35[[#This Row],[TIME]]) -> 1.0986123 | F3: 421998 | G3: =LN(gva_processed35[[#This Row],[GVA]]) -> 12.952756 | H3: =DA_Tool_Linear!$B$17+DA_Tool_Linear!$B$18*gva_processed35[[#This Row],[TIME]] -> 394418.9 | I3: =EXP(DA_Tool_Power!$B$17)*gva_processed35[[#This Row],[TIME]]^DA_Tool_Power!$B$18 -> 376680.93 | J3: =EXP(DA_Tool_Exponential!$B$17+DA_Tool_Exponential!$B$18*gva_processed35[[#This Row],[TIME]]) -> 416890.16
A4: 2017-Q3 | B4: 2017 | C4: 3 | D4: 4 | E4: =LN(gva_processed35[[#This Row],[TIME]]) -> 1.3862944 | F4: 430320.3 | G4: =LN(gva_processed35[[#This Row],[GVA]]) -> 12.972285 | H4: =DA_Tool_Linear!$B$17+DA_Tool_Linear!$B$18*gva_processed35[[#This Row],[TIME]] -> 408410.25 | I4: =EXP(DA_Tool_Power!$B$17)*gva_processed35[[#This Row],[TIME]]^DA_Tool_Power!$B$18 -> 408669.77 | J4: =EXP(DA_Tool_Exponential!$B$17+DA_Tool_Exponential!$B$18*gva_processed35[[#This Row],[TIME]]) -> 426551.17
A5: 2017-Q4 | B5: 2017 | C5: 4 | D5: 5 | E5: =LN(gva_processed35[[#This Row],[TIME]]) -> 1.6094379 | F5: 490967.8 | G5: =LN(gva_processed35[[#This Row],[GVA]]) -> 13.104134 | H5: =DA_Tool_Linear!$B$17+DA_Tool_Linear!$B$18*gva_processed35[[#This Row],[TIME]] -> 422401.59 | I5: =EXP(DA_Tool_Power!$B$17)*gva_processed35[[#This Row],[TIME]]^DA_Tool_Power!$B$18 -> 435341.45 | J5: =EXP(DA_Tool_Exponential!$B$17+DA_Tool_Exponential!$B$18*gva_processed35[[#This Row],[TIME]]) -> 436436.07
A6: 2018-Q1 | B6: 2018 | C6: 1 | D6: 6 | E6: =LN(gva_processed35[[#This Row],[TIME]]) -> 1.7917595 | F6: 439707.9 | G6: =LN(gva_processed35[[#This Row],[GVA]]) -> 12.993866 | H6: =DA_Tool_Linear!$B$17+DA_Tool_Linear!$B$18*gva_processed35[[#This Row],[TIME]] -> 436392.94 | I6: =EXP(DA_Tool_Power!$B$17)*gva_processed35[[#This Row],[TIME]]^DA_Tool_Power!$B$18 -> 458420.92 | J6: =EXP(DA_Tool_Exponential!$B$17+DA_Tool_Exponential!$B$18*gva_processed35[[#This Row],[TIME]]) -> 446550.03
A7: 2018-Q2 | B7: 2018 | C7: 2 | D7: 7 | E7: =LN(gva_processed35[[#This Row],[TIME]]) -> 1.9459101 | F7: 452196.1 | G7: =LN(gva_processed35[[#This Row],[GVA]]) -> 13.021871 | H7: =DA_Tool_Linear!$B$17+DA_Tool_Linear!$B$18*gva_processed35[[#This Row],[TIME]] -> 450384.28 | I7: =EXP(DA_Tool_Power!$B$17)*gva_processed35[[#This Row],[TIME]]^DA_Tool_Power!$B$18 -> 478886.35 | J7: =EXP(DA_Tool_Exponential!$B$17+DA_Tool_Exponential!$B$18*gva_processed35[[#This Row],[TIME]]) -> 456898.38
A8: 2018-Q3 | B8: 2018 | C8: 3 | D8: 8 | E8: =LN(gva_processed35[[#This Row],[TIME]]) -> 2.0794415 | F8: 464846.4 | G8: =LN(gva_processed35[[#This Row],[GVA]]) -> 13.049462 | H8: =DA_Tool_Linear!$B$17+DA_Tool_Linear!$B$18*gva_processed35[[#This Row],[TIME]] -> 464375.63 | I8: =EXP(DA_Tool_Power!$B$17)*gva_processed35[[#This Row],[TIME]]^DA_Tool_Power!$B$18 -> 497351.36 | J8: =EXP(DA_Tool_Exponential!$B$17+DA_Tool_Exponential!$B$18*gva_processed35[[#This Row],[TIME]]) -> 467486.55
A9: 2018-Q4 | B9: 2018 | C9: 4 | D9: 9 | E9: =LN(gva_processed35[[#This Row],[TIME]]) -> 2.1972246 | F9: 526763.7 | G9: =LN(gva_processed35[[#This Row],[GVA]]) -> 13.174507 | H9: =DA_Tool_Linear!$B$17+DA_Tool_Linear!$B$18*gva_processed35[[#This Row],[TIME]] -> 478366.97 | I9: =EXP(DA_Tool_Power!$B$17)*gva_processed35[[#This Row],[TIME]]^DA_Tool_Power!$B$18 -> 514228.75 | J9: =EXP(DA_Tool_Exponential!$B$17+DA_Tool_Exponential!$B$18*gva_processed35[[#This Row],[TIME]]) -> 478320.08
A10: 2019-Q1 | B10: 2019 | C10: 1 | D10: 10 | E10: =LN(gva_processed35[[#This Row],[TIME]]) -> 2.3025851 | F10: 474780.8 | G10: =LN(gva_processed35[[#This Row],[GVA]]) -> 13.070609 | H10: =DA_Tool_Linear!$B$17+DA_Tool_Linear!$B$18*gva_processed35[[#This Row],[TIME]] -> 492358.32 | I10: =EXP(DA_Tool_Power!$B$17)*gva_processed35[[#This Row],[TIME]]^DA_Tool_Power!$B$18 -> 529810.81 | J10: =EXP(DA_Tool_Exponential!$B$17+DA_Tool_Exponential!$B$18*gva_processed35[[#This Row],[TIME]]) -> 489404.67
A11: 2019-Q2 | B11: 2019 | C11: 2 | D11: 11 | E11: =LN(gva_processed35[[#This Row],[TIME]]) -> 2.3978953 | F11: 489456.2 | G11: =LN(gva_processed35[[#This Row],[GVA]]) -> 13.10105 | H11: =DA_Tool_Linear!$B$17+DA_Tool_Linear!$B$18*gva_processed35[[#This Row],[TIME]] -> 506349.67 | I11: =EXP(DA_Tool_Power!$B$17)*gva_processed35[[#This Row],[TIME]]^DA_Tool_Power!$B$18 -> 544312.87 | J11: =EXP(DA_Tool_Exponential!$B$17+DA_Tool_Exponential!$B$18*gva_processed35[[#This Row],[TIME]]) -> 500746.13
A12: 2019-Q3 | B12: 2019 | C12: 3 | D12: 12 | E12: =LN(gva_processed35[[#This Row],[TIME]]) -> 2.4849066 | F12: 503638.8 | G12: =LN(gva_processed35[[#This Row],[GVA]]) -> 13.129615 | H12: =DA_Tool_Linear!$B$17+DA_Tool_Linear!$B$18*gva_processed35[[#This Row],[TIME]] -> 520341.01 | I12: =EXP(DA_Tool_Power!$B$17)*gva_processed35[[#This Row],[TIME]]^DA_Tool_Power!$B$18 -> 557898.55 | J12: =EXP(DA_Tool_Exponential!$B$17+DA_Tool_Exponential!$B$18*gva_processed35[[#This Row],[TIME]]) -> 512350.42
A13: 2019-Q4 | B13: 2019 | C13: 4 | D13: 13 | E13: =LN(gva_processed35[[#This Row],[TIME]]) -> 2.5649494 | F13: 568995.7 | G13: =LN(gva_processed35[[#This Row],[GVA]]) -> 13.251628 | H13: =DA_Tool_Linear!$B$17+DA_Tool_Linear!$B$18*gva_processed35[[#This Row],[TIME]] -> 534332.36 | I13: =EXP(DA_Tool_Power!$B$17)*gva_processed35[[#This Row],[TIME]]^DA_Tool_Power!$B$18 -> 570695.4 | J13: =EXP(DA_Tool_Exponential!$B$17+DA_Tool_Exponential!$B$18*gva_processed35[[#This Row],[TIME]]) -> 524223.63
... A35: 2025-Q2 | B35: 2025 | C35: 2 | D35: 35 | E35: =LN(gva_processed35[[#This Row],[TIME]]) -> 3.5553481 | F35: 816793.1 | G35: =LN(gva_processed35[[#This Row],[GVA]]) -> 13.613141 | H35: =DA_Tool_Linear!$B$17+DA_Tool_Linear!$B$18*gva_processed35[[#This Row],[TIME]] -> 842141.96 | I35: =EXP(DA_Tool_Power!$B$17)*gva_processed35[[#This Row],[TIME]]^DA_Tool_Power!$B$18 -> 755564.54 | J35: =EXP(DA_Tool_Exponential!$B$17+DA_Tool_Exponential!$B$18*gva_processed35[[#This Row],[TIME]]) -> 867771.71

Sheet Linear_Trend
B1: MATRIX_OF_TIME | C1: 1 | D1: 2 | F1: GVA | G1: 411240.3 | I1: MODEL | J1: =$Q$18+$Q$19*D1 -> 380427.55 | L1: (GVA - MODEL)^2 | M1: =(G1-J1)^2 -> 9.4942527e+08 | O1: TRANSPOSED_MATRIX_OF_TIME | P1: {=TRANSPOSE(C1:D34)} -> 1 | Q1: 1 | R1: 1 | S1: 1 | T1: 1 | U1: 1 | V1: 1 | W1: 1 | X1: 1 | Y1: 1 | Z1: 1 | AA1: 1 | AB1: 1 | AC1: 1 | AD1: 1 | AE1: 1 | AF1: 1 | AG1: 1 | AH1: 1 | AI1: 1 | AJ1: 1 | AK1: 1 | AL1: 1 | AM1: 1 | AN1: 1 | AO1: 1 | AP1: 1 | AQ1: 1 | AR1: 1 | AS1: 1 | AT1: 1 | AU1: 1 | AV1: 1 | AW1: 1
C2: 1 | D2: 3 | G2: 421998 | J2: =$Q$18+$Q$19*D2 -> 394418.9 | M2: =(G2-J2)^2 -> 7.6060673e+08 | P2: 2 | Q2: 3 | R2: 4 | S2: 5 | T2: 6 | U2: 7 | V2: 8 | W2: 9 | X2: 10 | Y2: 11 | Z2: 12 | AA2: 13 | AB2: 14 | AC2: 15 | AD2: 16 | AE2: 17 | AF2: 18 | AG2: 19 | AH2: 20 | AI2: 21 | AJ2: 22 | AK2: 23 | AL2: 24 | AM2: 25 | AN2: 26 | AO2: 27 | AP2: 28 | AQ2: 29 | AR2: 30 | AS2: 31 | AT2: 32 | AU2: 33 | AV2: 34 | AW2: 35
C3: 1 | D3: 4 | G3: 430320.3 | J3: =$Q$18+$Q$19*D3 -> 408410.25 | M3: =(G3-J3)^2 -> 4.8005046e+08
C4: 1 | D4: 5 | G4: 490967.8 | J4: =$Q$18+$Q$19*D4 -> 422401.59 | M4: =(G4-J4)^2 -> 4.7013249e+09 | O4: TRANSPOSED_MATRIX_OF_TIME * MATRIX_OF_TIME
C5: 1 | D5: 6 | G5: 439707.9 | J5: =$Q$18+$Q$19*D5 -> 436392.94 | M5: =(G5-J5)^2 -> 10988976 | Q5: {=MMULT(_xlfn.ANCHORARRAY(P1),C1:D34)} -> 34 | R5: 629
C6: 1 | D6: 7 | G6: 452196.1 | J6: =$Q$18+$Q$19*D6 -> 450384.28 | M6: =(G6-J6)^2 -> 3282679.8 | Q6: 629 | R6: 14909
C7: 1 | D7: 8 | G7: 464846.4 | J7: =$Q$18+$Q$19*D7 -> 464375.63 | M7: =(G7-J7)^2 -> 221625.35
C8: 1 | D8: 9 | G8: 526763.7 | J8: =$Q$18+$Q$19*D8 -> 478366.97 | M8: =(G8-J8)^2 -> 2.342243e+09
C9: 1 | D9: 10 | G9: 474780.8 | J9: =$Q$18+$Q$19*D9 -> 492358.32 | M9: =(G9-J9)^2 -> 3.0896922e+08 | O9: INVERSE(TRANSPOSED_MATRIX_OF_TIME * MATRIX_OF_TIME) | P9: {=MINVERSE(_xlfn.ANCHORARRAY(Q5))} -> 0.13399542 | Q9: -0.0056531704
C10: 1 | D10: 11 | G10: 489456.2 | J10: =$Q$18+$Q$19*D10 -> 506349.67 | M10: =(G10-J10)^2 -> 2.853892e+08 | P10: -0.0056531704 | Q10: 0.00030557678
C11: 1 | D11: 12 | G11: 503638.8 | J11: =$Q$18+$Q$19*D11 -> 520341.01 | M11: =(G11-J11)^2 -> 2.7896388e+08
C12: 1 | D12: 13 | G12: 568995.7 | J12: =$Q$18+$Q$19*D12 -> 534332.36 | M12: =(G12-J12)^2 -> 1.2015473e+09 | O12: TRANSPOSED_MATRIX_OF_TIME * GVA
C13: 1 | D13: 14 | G13: 509709.5 | J13: =$Q$18+$Q$19*D13 -> 548323.7 | M13: =(G13-J13)^2 -> 1.4910567e+09 | Q13: {=MMULT(_xlfn.ANCHORARRAY(P1),G1:G34)} -> 20783682
C14: 1 | D14: 15 | G14: 473153.3 | J14: =$Q$18+$Q$19*D14 -> 562315.05 | M14: =(G14-J14)^2 -> 7.9498175e+09 | Q14: 4.3028479e+08
C15: 1 | D15: 16 | G15: 517385.4 | J15: =$Q$18+$Q$19*D15 -> 576306.39 | M15: =(G15-J15)^2 -> 3.4716836e+09
C16: 1 | D16: 17 | G16: 584580.9 | J16: =$Q$18+$Q$19*D16 -> 590297.74 | M16: =(G16-J16)^2 -> 32682263
C17: 1 | D17: 18 | G17: 531027.4 | J17: =$Q$18+$Q$19*D17 -> 604289.09 | M17: =(G17-J17)^2 -> 5.3672746e+09 | O17: INVERSE(TRANSPOSED_MATRIX_OF_TIME * MATRIX_OF_TIME) * (TRANSPOSED_MATRIX_OF_TIME * GVA)
C18: 1 | D18: 19 | G18: 548448.7 | J18: =$Q$18+$Q$19*D18 -> 618280.43 | M18: =(G18-J18)^2 -> 4.8764707e+09 | P18: \beta_0 | Q18: {=MMULT(_xlfn.ANCHORARRAY(P9),_xlfn.ANCHORARRAY(Q13))} -> 352444.86
C19: 1 | D19: 20 | G19: 585019.9 | J19: =$Q$18+$Q$19*D19 -> 632271.78 | M19: =(G19-J19)^2 -> 2.2327399e+09 | P19: \beta_1 | Q19: 13991.346
C20: 1 | D20: 21 | G20: 655913.7 | J20: =$Q$18+$Q$19*D20 -> 646263.12 | M20: =(G20-J20)^2 -> 93133635
C21: 1 | D21: 22 | G21: 622993.8 | J21: =$Q$18+$Q$19*D21 -> 660254.47 | M21: =(G21-J21)^2 -> 1.3883574e+09 | O21: VARIANCE_OF_(GVA - MODEL)^2 | P21: =SUM(M1:M34) / (COUNT(M1:M34) - 2) -> 2.2733212e+09
C22: 1 | D22: 23 | G22: 647440.7 | J22: =$Q$18+$Q$19*D22 -> 674245.81 | M22: =(G22-J22)^2 -> 7.1851416e+08
C23: 1 | D23: 24 | G23: 702235 | J23: =$Q$18+$Q$19*D23 -> 688237.16 | M23: =(G23-J23)^2 -> 1.9593952e+08 | O23: VARIANCE_OF_(GVA - MODEL)^2 * INVERSE(TRANSPOSED_MATRIX_OF_TIME * MATRIX_OF_TIME)
C24: 1 | D24: 25 | G24: 793577 | J24: =$Q$18+$Q$19*D24 -> 702228.51 | M24: =(G24-J24)^2 -> 8.3445474e+09 | O24: SCALAR | P24: =$P$21*P9 -> 3.0461462e+08 | Q24: =$P$21*Q9 -> -12851472
C25: 1 | D25: 26 | G25: 722500.8 | J25: =$Q$18+$Q$19*D25 -> 716219.85 | M25: =(G25-J25)^2 -> 39450313 | P25: =$P$21*P10 -> -12851472 | Q25: =$P$21*Q10 -> 694674.17
C26: 1 | D26: 27 | G26: 744773.4 | J26: =$Q$18+$Q$19*D26 -> 730211.2 | M26: =(G26-J26)^2 -> 2.1205775e+08
C27: 1 | D27: 28 | G27: 760667.4 | J27: =$Q$18+$Q$19*D27 -> 744202.54 | M27: =(G27-J27)^2 -> 2.7109152e+08 | O27: SQRT(VARIANCE_OF_(GVA - MODEL)^2 * INVERSE(TRANSPOSED_MATRIX_OF_TIME * MATRIX_OF_TIME)) | P27: =SQRT(P24) -> 17453.212 | Q27: =SQRT(Q24) -> #NUM! | R27: SE(\beta_0)
C28: 1 | D28: 29 | G28: 857993.4 | J28: =$Q$18+$Q$19*D28 -> 758193.89 | M28: =(G28-J28)^2 -> 9.9599425e+09 | P28: =SQRT(P25) -> #NUM! | Q28: =SQRT(Q25) -> 833.47116 | R28: SE(\beta_1)
C29: 1 | D29: 30 | G29: 748145 | J29: =$Q$18+$Q$19*D29 -> 772185.23 | M29: =(G29-J29)^2 -> 5.7793287e+08
C30: 1 | D30: 31 | G30: 772052 | J30: =$Q$18+$Q$19*D30 -> 786176.58 | M30: =(G30-J30)^2 -> 1.9950376e+08 | O30: T_STAT = \beta / SE(\beta) | P30: =Q18/P27 -> 20.193696
C31: 1 | D31: 32 | G31: 807767.9 | J31: =$Q$18+$Q$19*D31 -> 800167.93 | M31: =(G31-J31)^2 -> 57759608 | P31: =Q19/Q28 -> 16.786839
C32: 1 | D32: 33 | G32: 921249 | J32: =$Q$18+$Q$19*D32 -> 814159.27 | M32: =(G32-J32)^2 -> 1.146821e+10
C33: 1 | D33: 34 | G33: 785342.5 | J33: =$Q$18+$Q$19*D33 -> 828150.62 | M33: =(G33-J33)^2 -> 1.8325349e+09 | O33: P_VALUE(T_STAT) | P33: =_xlfn.T.DIST.2T(P30,COUNT(G1:G34)-2) -> 8.9521571e-20
C34: 1 | D34: 35 | G34: 816793.1 | J34: =$Q$18+$Q$19*D34 -> 842141.96 | M34: =(G34-J34)^2 -> 6.4256485e+08 | P34: =_xlfn.T.DIST.2T(P31,COUNT(G1:G34)-2) -> 2.0132029e-17

Sheet Power_Trend
B1: MATRIX_OF_TIME | C1: 1 | D1: 0.69314718 | F1: GVA | G1: 12.926933 | I1: MODEL | J1: =$Q$18+$Q$19*D1 -> 12.724273 | L1: (GVA - MODEL)^2 | M1: =(G1-J1)^2 -> 0.041070925 | O1: TRANSPOSED_MATRIX_OF_TIME | P1: {=TRANSPOSE(C1:D34)} -> 1 | Q1: 1 | R1: 1 | S1: 1 | T1: 1 | U1: 1 | V1: 1 | W1: 1 | X1: 1 | Y1: 1 | Z1: 1 | AA1: 1 | AB1: 1 | AC1: 1 | AD1: 1 | AE1: 1 | AF1: 1 | AG1: 1 | AH1: 1 | AI1: 1 | AJ1: 1 | AK1: 1 | AL1: 1 | AM1: 1 | AN1: 1 | AO1: 1 | AP1: 1 | AQ1: 1 | AR1: 1 | AS1: 1 | AT1: 1 | AU1: 1 | AV1: 1 | AW1: 1
C2: 1 | D2: 1.0986123 | G2: 12.952756 | J2: =$Q$18+$Q$19*D2 -> 12.839154 | M2: =(G2-J2)^2 -> 0.012905436 | P2: 0.69314718 | Q2: 1.0986123 | R2: 1.3862944 | S2: 1.6094379 | T2: 1.7917595 | U2: 1.9459101 | V2: 2.0794415 | W2: 2.1972246 | X2: 2.3025851 | Y2: 2.3978953 | Z2: 2.4849066 | AA2: 2.5649494 | AB2: 2.6390573 | AC2: 2.7080502 | AD2: 2.7725887 | AE2: 2.8332133 | AF2: 2.8903718 | AG2: 2.944439 | AH2: 2.9957323 | AI2: 3.0445224 | AJ2: 3.0910425 | AK2: 3.1354942 | AL2: 3.1780538 | AM2: 3.2188758 | AN2: 3.2580965 | AO2: 3.2958369 | AP2: 3.3322045 | AQ2: 3.3672958 | AR2: 3.4011974 | AS2: 3.4339872 | AT2: 3.4657359 | AU2: 3.4965076 | AV2: 3.5263605 | AW2: 3.5553481
C3: 1 | D3: 1.3862944 | G3: 12.972285 | J3: =$Q$18+$Q$19*D3 -> 12.920663 | M3: =(G3-J3)^2 -> 0.0026648723
C4: 1 | D4: 1.6094379 | G4: 13.104134 | J4: =$Q$18+$Q$19*D4 -> 12.983886 | M4: =(G4-J4)^2 -> 0.014459555 | O4: TRANSPOSED_MATRIX_OF_TIME * MATRIX_OF_TIME
C5: 1 | D5: 1.7917595 | G5: 12.993866 | J5: =$Q$18+$Q$19*D5 -> 13.035543 | M5: =(G5-J5)^2 -> 0.0017369859 | Q5: {=MMULT(_xlfn.ANCHORARRAY(P1),C1:D34)} -> 34 | R5: 92.136176
C6: 1 | D6: 1.9459101 | G6: 13.021871 | J6: =$Q$18+$Q$19*D6 -> 13.079219 | M6: =(G6-J6)^2 -> 0.0032887207 | Q6: 92.136176 | R6: 267.87395
C7: 1 | D7: 2.0794415 | G7: 13.049462 | J7: =$Q$18+$Q$19*D7 -> 13.117052 | M7: =(G7-J7)^2 -> 0.0045683693
C8: 1 | D8: 2.1972246 | G8: 13.174507 | J8: =$Q$18+$Q$19*D8 -> 13.150423 | M8: =(G8-J8)^2 -> 0.00058003246
C9: 1 | D9: 2.3025851 | G9: 13.070609 | J9: =$Q$18+$Q$19*D9 -> 13.180275 | M9: =(G9-J9)^2 -> 0.012026798 | O9: INVERSE(TRANSPOSED_MATRIX_OF_TIME * MATRIX_OF_TIME) | P9: {=MINVERSE(_xlfn.ANCHORARRAY(Q5))} -> 0.43300489 | Q9: -0.14893353
C10: 1 | D10: 2.3978953 | G10: 13.10105 | J10: =$Q$18+$Q$19*D10 -> 13.207279 | M10: =(G10-J10)^2 -> 0.011284649 | P10: -0.14893353 | Q10: 0.054959304
C11: 1 | D11: 2.4849066 | G11: 13.129615 | J11: =$Q$18+$Q$19*D11 -> 13.231932 | M11: =(G11-J11)^2 -> 0.01046893
C12: 1 | D12: 2.5649494 | G12: 13.251628 | J12: =$Q$18+$Q$19*D12 -> 13.254611 | M12: =(G12-J12)^2 -> 8.8967914e-06 | O12: TRANSPOSED_MATRIX_OF_TIME * GVA
C13: 1 | D13: 2.6390573 | G13: 13.141596 | J13: =$Q$18+$Q$19*D13 -> 13.275608 | M13: =(G13-J13)^2 -> 0.017959129 | Q13: {=MMULT(_xlfn.ANCHORARRAY(P1),G1:G34)} -> 452.05299
C14: 1 | D14: 2.7080502 | G14: 13.067175 | J14: =$Q$18+$Q$19*D14 -> 13.295156 | M14: =(G14-J14)^2 -> 0.051975308 | Q14: 1230.168
C15: 1 | D15: 2.7725887 | G15: 13.156543 | J15: =$Q$18+$Q$19*D15 -> 13.313441 | M15: =(G15-J15)^2 -> 0.024616988
C16: 1 | D16: 2.8332133 | G16: 13.27865 | J16: =$Q$18+$Q$19*D16 -> 13.330618 | M16: =(G16-J16)^2 -> 0.0027006373
C17: 1 | D17: 2.8903718 | G17: 13.182569 | J17: =$Q$18+$Q$19*D17 -> 13.346813 | M17: =(G17-J17)^2 -> 0.02697606 | O17: INVERSE(TRANSPOSED_MATRIX_OF_TIME * MATRIX_OF_TIME) * (TRANSPOSED_MATRIX_OF_TIME * GVA)
C18: 1 | D18: 2.944439 | G18: 13.214849 | J18: =$Q$18+$Q$19*D18 -> 13.362132 | M18: =(G18-J18)^2 -> 0.021692175 | P18: \beta_0 | Q18: {=MMULT(_xlfn.ANCHORARRAY(P9),_xlfn.ANCHORARRAY(Q13))} -> 12.527884
C19: 1 | D19: 2.9957323 | G19: 13.279401 | J19: =$Q$18+$Q$19*D19 -> 13.376665 | M19: =(G19-J19)^2 -> 0.009460178 | P19: \beta_1 | Q19: 0.28332991
C20: 1 | D20: 3.0445224 | G20: 13.393785 | J20: =$Q$18+$Q$19*D20 -> 13.390488 | M20: =(G20-J20)^2 -> 1.0864953e-05
C21: 1 | D21: 3.0910425 | G21: 13.342292 | J21: =$Q$18+$Q$19*D21 -> 13.403669 | M21: =(G21-J21)^2 -> 0.0037671321 | O21: VARIANCE_OF_(GVA - MODEL)^2 | P21: =SUM(M1:M34) / (COUNT(M1:M34) - 2) -> 0.012725448
C22: 1 | D22: 3.1354942 | G22: 13.380782 | J22: =$Q$18+$Q$19*D22 -> 13.416263 | M22: =(G22-J22)^2 -> 0.0012588901
C23: 1 | D23: 3.1780538 | G23: 13.462023 | J23: =$Q$18+$Q$19*D23 -> 13.428322 | M23: =(G23-J23)^2 -> 0.0011358009 | O23: VARIANCE_OF_(GVA - MODEL)^2 * INVERSE(TRANSPOSED_MATRIX_OF_TIME * MATRIX_OF_TIME)
C24: 1 | D24: 3.2188758 | G24: 13.584306 | J24: =$Q$18+$Q$19*D24 -> 13.439888 | M24: =(G24-J24)^2 -> 0.020856565 | P24: SCALAR | Q24: =$P$21*P9 -> 0.0055101809 | R24: =$P$21*Q9 -> -0.0018952459
C25: 1 | D25: 3.2580965 | G25: 13.490474 | J25: =$Q$18+$Q$19*D25 -> 13.451 | M25: =(G25-J25)^2 -> 0.0015581631 | Q25: =$P$21*P10 -> -0.0018952459 | R25: =$P$21*Q10 -> 0.00069938174
C26: 1 | D26: 3.2958369 | G26: 13.520835 | J26: =$Q$18+$Q$19*D26 -> 13.461693 | M26: =(G26-J26)^2 -> 0.0034977874
C27: 1 | D27: 3.3322045 | G27: 13.541951 | J27: =$Q$18+$Q$19*D27 -> 13.471997 | M27: =(G27-J27)^2 -> 0.0048935968 | O27: SQRT(VARIANCE_OF_(GVA - MODEL)^2 * INVERSE(TRANSPOSED_MATRIX_OF_TIME * MATRIX_OF_TIME)) | P27: =SQRT(Q24) -> 0.074230593 | Q27: =SQRT(R24) -> #NUM! | R27: SE(\beta_0)
C28: 1 | D28: 3.3672958 | G28: 13.662352 | J28: =$Q$18+$Q$19*D28 -> 13.48194 | M28: =(G28-J28)^2 -> 0.0325485 | P28: =SQRT(Q25) -> #NUM! | Q28: =SQRT(R25) -> 0.026445827 | R28: SE(\beta_1)
C29: 1 | D29: 3.4011974 | G29: 13.525352 | J29: =$Q$18+$Q$19*D29 -> 13.491545 | M29: =(G29-J29)^2 -> 0.0011429205
C30: 1 | D30: 3.4339872 | G30: 13.556807 | J30: =$Q$18+$Q$19*D30 -> 13.500835 | M30: =(G30-J30)^2 -> 0.0031328498 | O30: T_STAT = \beta / SE(\beta) | P30: =Q18/P27 -> 168.76982
C31: 1 | D31: 3.4657359 | G31: 13.60203 | J31: =$Q$18+$Q$19*D31 -> 13.509831 | M31: =(G31-J31)^2 -> 0.0085007238 | P31: =Q19/Q28 -> 10.713596
C32: 1 | D32: 3.4965076 | G32: 13.733486 | J32: =$Q$18+$Q$19*D32 -> 13.518549 | M32: =(G32-J32)^2 -> 0.04619767
C33: 1 | D33: 3.5263605 | G33: 13.573875 | J33: =$Q$18+$Q$19*D33 -> 13.527007 | M33: =(G33-J33)^2 -> 0.0021965874 | O33: P_VALUE(T_STAT) | P33: =_xlfn.T.DIST.2T(P30,COUNT(G1:G34)-2) -> 8.8586212e-49
C34: 1 | D34: 3.5553481 | G34: 13.613141 | J34: =$Q$18+$Q$19*D34 -> 13.53522 | M34: =(G34-J34)^2 -> 0.006071623 | P34: =_xlfn.T.DIST.2T(P31,COUNT(G1:G34)-2) -> 4.0883927e-12

Sheet Exponential_Trend
B1: MATRIX_OF_TIME | C1: 1 | D1: 2 | F1: GVA | G1: 12.926933 | I1: MODEL | J1: =$Q$18+$Q$19*D1 -> 12.917668 | L1: (GVA - MODEL)^2 | M1: =(G1-J1)^2 -> 8.5830958e-05 | O1: TRANSPOSED_MATRIX_OF_TIME | P1: {=TRANSPOSE(C1:D34)} -> 1 | Q1: 1 | R1: 1 | S1: 1 | T1: 1 | U1: 1 | V1: 1 | W1: 1 | X1: 1 | Y1: 1 | Z1: 1 | AA1: 1 | AB1: 1 | AC1: 1 | AD1: 1 | AE1: 1 | AF1: 1 | AG1: 1 | AH1: 1 | AI1: 1 | AJ1: 1 | AK1: 1 | AL1: 1 | AM1: 1 | AN1: 1 | AO1: 1 | AP1: 1 | AQ1: 1 | AR1: 1 | AS1: 1 | AT1: 1 | AU1: 1 | AV1: 1 | AW1: 1
C2: 1 | D2: 3 | G2: 12.952756 | J2: =$Q$18+$Q$19*D2 -> 12.940578 | M2: =(G2-J2)^2 -> 0.00014829882 | P2: 2 | Q2: 3 | R2: 4 | S2: 5 | T2: 6 | U2: 7 | V2: 8 | W2: 9 | X2: 10 | Y2: 11 | Z2: 12 | AA2: 13 | AB2: 14 | AC2: 15 | AD2: 16 | AE2: 17 | AF2: 18 | AG2: 19 | AH2: 20 | AI2: 21 | AJ2: 22 | AK2: 23 | AL2: 24 | AM2: 25 | AN2: 26 | AO2: 27 | AP2: 28 | AQ2: 29 | AR2: 30 | AS2: 31 | AT2: 32 | AU2: 33 | AV2: 34 | AW2: 35
C3: 1 | D3: 4 | G3: 12.972285 | J3: =$Q$18+$Q$19*D3 -> 12.963488 | M3: =(G3-J3)^2 -> 7.7395681e-05
C4: 1 | D4: 5 | G4: 13.104134 | J4: =$Q$18+$Q$19*D4 -> 12.986397 | M4: =(G4-J4)^2 -> 0.013861919 | O4: TRANSPOSED_MATRIX_OF_TIME * MATRIX_OF_TIME
C5: 1 | D5: 6 | G5: 12.993866 | J5: =$Q$18+$Q$19*D5 -> 13.009307 | M5: =(G5-J5)^2 -> 0.00023841859 | Q5: {=MMULT(_xlfn.ANCHORARRAY(P1),C1:D34)} -> 34 | R5: 629
C6: 1 | D6: 7 | G6: 13.021871 | J6: =$Q$18+$Q$19*D6 -> 13.032216 | M6: =(G6-J6)^2 -> 0.00010702059 | Q6: 629 | R6: 14909
C7: 1 | D7: 8 | G7: 13.049462 | J7: =$Q$18+$Q$19*D7 -> 13.055126 | M7: =(G7-J7)^2 -> 3.2075706e-05
C8: 1 | D8: 9 | G8: 13.174507 | J8: =$Q$18+$Q$19*D8 -> 13.078035 | M8: =(G8-J8)^2 -> 0.0093068336
C9: 1 | D9: 10 | G9: 13.070609 | J9: =$Q$18+$Q$19*D9 -> 13.100945 | M9: =(G9-J9)^2 -> 0.0009203011 | O9: INVERSE(TRANSPOSED_MATRIX_OF_TIME * MATRIX_OF_TIME) | P9: {=MINVERSE(_xlfn.ANCHORARRAY(Q5))} -> 0.13399542 | Q9: -0.0056531704
C10: 1 | D10: 11 | G10: 13.10105 | J10: =$Q$18+$Q$19*D10 -> 13.123855 | M10: =(G10-J10)^2 -> 0.00052003468 | P10: -0.0056531704 | Q10: 0.00030557678
C11: 1 | D11: 12 | G11: 13.129615 | J11: =$Q$18+$Q$19*D11 -> 13.146764 | M11: =(G11-J11)^2 -> 0.00029410406
C12: 1 | D12: 13 | G12: 13.251628 | J12: =$Q$18+$Q$19*D12 -> 13.169674 | M12: =(G12-J12)^2 -> 0.0067165418 | O12: TRANSPOSED_MATRIX_OF_TIME * GVA
C13: 1 | D13: 14 | G13: 13.141596 | J13: =$Q$18+$Q$19*D13 -> 13.192583 | M13: =(G13-J13)^2 -> 0.0025996711 | Q13: {=MMULT(_xlfn.ANCHORARRAY(P1),G1:G34)} -> 452.05299
C14: 1 | D14: 15 | G14: 13.067175 | J14: =$Q$18+$Q$19*D14 -> 13.215493 | M14: =(G14-J14)^2 -> 0.021998243 | Q14: 8437.9519
C15: 1 | D15: 16 | G15: 13.156543 | J15: =$Q$18+$Q$19*D15 -> 13.238402 | M15: =(G15-J15)^2 -> 0.0067008946
C16: 1 | D16: 17 | G16: 13.27865 | J16: =$Q$18+$Q$19*D16 -> 13.261312 | M16: =(G16-J16)^2 -> 0.00030062627
C17: 1 | D17: 18 | G17: 13.182569 | J17: =$Q$18+$Q$19*D17 -> 13.284221 | M17: =(G17-J17)^2 -> 0.010333239 | O17: INVERSE(TRANSPOSED_MATRIX_OF_TIME * MATRIX_OF_TIME) * (TRANSPOSED_MATRIX_OF_TIME * GVA)
C18: 1 | D18: 19 | G18: 13.214849 | J18: =$Q$18+$Q$19*D18 -> 13.307131 | M18: =(G18-J18)^2 -> 0.0085159627 | P18: \beta_0 | Q18: {=MMULT(_xlfn.ANCHORARRAY(P9),_xlfn.ANCHORARRAY(Q13))} -> 12.871849
C19: 1 | D19: 20 | G19: 13.279401 | J19: =$Q$18+$Q$19*D19 -> 13.330041 | M19: =(G19-J19)^2 -> 0.0025643505 | P19: \beta_1 | Q19: 0.022909559
C20: 1 | D20: 21 | G20: 13.393785 | J20: =$Q$18+$Q$19*D20 -> 13.35295 | M20: =(G20-J20)^2 -> 0.0016674471
C21: 1 | D21: 22 | G21: 13.342292 | J21: =$Q$18+$Q$19*D21 -> 13.37586 | M21: =(G21-J21)^2 -> 0.0011267993 | O21: VARIANCE_OF_(GVA - MODEL)^2 | P21: =SUM(M1:M34) / (COUNT(M1:M34) - 2) -> 0.0046965935
C22: 1 | D22: 23 | G22: 13.380782 | J22: =$Q$18+$Q$19*D22 -> 13.398769 | M22: =(G22-J22)^2 -> 0.00032352323
C23: 1 | D23: 24 | G23: 13.462023 | J23: =$Q$18+$Q$19*D23 -> 13.421679 | M23: =(G23-J23)^2 -> 0.0016276858 | O23: VARIANCE_OF_(GVA - MODEL)^2 * INVERSE(TRANSPOSED_MATRIX_OF_TIME * MATRIX_OF_TIME)
C24: 1 | D24: 25 | G24: 13.584306 | J24: =$Q$18+$Q$19*D24 -> 13.444588 | M24: =(G24-J24)^2 -> 0.019520979 | O24: SCALAR | P24: =$P$21*P9 -> 0.00062932199 | Q24: =$P$21*Q9 -> -2.6550643e-05
C25: 1 | D25: 26 | G25: 13.490474 | J25: =$Q$18+$Q$19*D25 -> 13.467498 | M25: =(G25-J25)^2 -> 0.00052789161 | P25: =$P$21*P10 -> -2.6550643e-05 | Q25: =$P$21*Q10 -> 1.4351699e-06
C26: 1 | D26: 27 | G26: 13.520835 | J26: =$Q$18+$Q$19*D26 -> 13.490407 | M26: =(G26-J26)^2 -> 0.00092585202
C27: 1 | D27: 28 | G27: 13.541951 | J27: =$Q$18+$Q$19*D27 -> 13.513317 | M27: =(G27-J27)^2 -> 0.00081993185 | O27: SQRT(VARIANCE_OF_(GVA - MODEL)^2 * INVERSE(TRANSPOSED_MATRIX_OF_TIME * MATRIX_OF_TIME)) | P27: =SQRT(P24) -> 0.025086291 | Q27: =SQRT(Q24) -> #NUM! | R27: SE(\beta_0)
C28: 1 | D28: 29 | G28: 13.662352 | J28: =$Q$18+$Q$19*D28 -> 13.536227 | M28: =(G28-J28)^2 -> 0.015907539 | P28: =SQRT(P25) -> #NUM! | Q28: =SQRT(Q25) -> 0.0011979858 | R28: SE(\beta_1)
C29: 1 | D29: 30 | G29: 13.525352 | J29: =$Q$18+$Q$19*D29 -> 13.559136 | M29: =(G29-J29)^2 -> 0.0011413629
C30: 1 | D30: 31 | G30: 13.556807 | J30: =$Q$18+$Q$19*D30 -> 13.582046 | M30: =(G30-J30)^2 -> 0.00063698319 | O30: T_STAT = \beta / SE(\beta) | P30: =Q18/P27 -> 513.10293
C31: 1 | D31: 32 | G31: 13.60203 | J31: =$Q$18+$Q$19*D31 -> 13.604955 | M31: =(G31-J31)^2 -> 8.5569445e-06 | P31: =Q19/Q28 -> 19.123399
C32: 1 | D32: 33 | G32: 13.733486 | J32: =$Q$18+$Q$19*D32 -> 13.627865 | M32: =(G32-J32)^2 -> 0.011155755
C33: 1 | D33: 34 | G33: 13.573875 | J33: =$Q$18+$Q$19*D33 -> 13.650774 | M33: =(G33-J33)^2 -> 0.0059134839 | O33: P_VALUE(T_STAT) | P33: =_xlfn.T.DIST.2T(P30,COUNT(G1:G34)-2) -> 3.1696321e-64
C34: 1 | D34: 35 | G34: 13.613141 | J34: =$Q$18+$Q$19*D34 -> 13.673684 | M34: =(G34-J34)^2 -> 0.0036654365 | P34: =_xlfn.T.DIST.2T(P31,COUNT(G1:G34)-2) -> 4.4927325e-19

Sheet DA_Tool_Linear
A1: SUMMARY OUTPUT
A3: Regression Statistics
A4: Multiple R | B4: 0.94764105
A5: R Square | B5: 0.89802355
A6: Adjusted R Square | B6: 0.89483679
A7: Standard Error | B7: 47679.358
A8: Observations | B8: 34
A10: ANOVA
B11: df | C11: SS | D11: MS | E11: F | F11: Significance F
A12: Regression | B12: 1 | C12: 6.4061725e+11 | D12: 6.4061725e+11 | E12: 281.79795 | F12: 2.0132029e-17
A13: Residual | B13: 32 | C13: 7.2746279e+10 | D13: 2.2733212e+09
A14: Total | B14: 33 | C14: 7.1336353e+11
B16: Coefficients | C16: Standard Error | D16: t Stat | E16: P-value | F16: Lower 95% | G16: Upper 95% | H16: Lower 95,0% | I16: Upper 95,0%
A17: Intercept | B17: 352444.86 | C17: 17453.212 | D17: 20.193696 | E17: 8.9521571e-20 | F17: 316893.83 | G17: 387995.89 | H17: 316893.83 | I17: 387995.89
A18: X Variable 1 | B18: 13991.346 | C18: 833.47116 | D18: 16.786839 | E18: 2.0132029e-17 | F18: 12293.621 | G18: 15689.071 | H18: 12293.621 | I18: 15689.071
A20: MY RESULTS
B21: =B16 -> Coefficients | C21: =C16 -> Standard Error | D21: =D16 -> t Stat | E21: =E16 -> P-value
A22: =A17 -> Intercept | B22: =Linear_Trend!Q18 -> 352444.86 | C22: =Linear_Trend!P27 -> 17453.212 | D22: =Linear_Trend!P30 -> 20.193696 | E22: =Linear_Trend!P33 -> 8.9521571e-20
A23: =A18 -> X Variable 1 | B23: =Linear_Trend!Q19 -> 13991.346 | C23: =Linear_Trend!Q28 -> 833.47116 | D23: =Linear_Trend!P31 -> 16.786839 | E23: =Linear_Trend!P34 -> 2.0132029e-17

Sheet DA_Tool_Power
A1: SUMMARY OUTPUT
A3: Regression Statistics
A4: Multiple R | B4: 0.88430105
A5: R Square | B5: 0.78198835
A6: Adjusted R Square | B6: 0.77517548
A7: Standard Error | B7: 0.11280713
A8: Observations | B8: 34
A10: ANOVA
B11: df | C11: SS | D11: MS | E11: F | F11: Significance F
A12: Regression | B12: 1 | C12: 1.4606414 | D12: 1.4606414 | E12: 114.78114 | F12: 4.0883927e-12
A13: Residual | B13: 32 | C13: 0.40721432 | D13: 0.012725448
A14: Total | B14: 33 | C14: 1.8678557
B16: Coefficients | C16: Standard Error | D16: t Stat | E16: P-value | F16: Lower 95% | G16: Upper 95% | H16: Lower 95,0% | I16: Upper 95,0%
A17: Intercept | B17: 12.527884 | C17: 0.074230593 | D17: 168.76982 | E17: 8.8586212e-49 | F17: 12.376681 | G17: 12.679087 | H17: 12.376681 | I17: 12.679087
A18: X Variable 1 | B18: 0.28332991 | C18: 0.026445827 | D18: 10.713596 | E18: 4.0883927e-12 | F18: 0.22946152 | G18: 0.33719829 | H18: 0.22946152 | I18: 0.33719829
A20: MY RESULTS
B21: =B16 -> Coefficients | C21: =C16 -> Standard Error | D21: =D16 -> t Stat | E21: =E16 -> P-value
A22: =A17 -> Intercept | B22: =Power_Trend!Q18 -> 12.527884 | C22: =Power_Trend!P27 -> 0.074230593 | D22: =Power_Trend!P30 -> 168.76982 | E22: =Power_Trend!P33 -> 8.8586212e-49
A23: =A18 -> X Variable 1 | B23: =Power_Trend!Q19 -> 0.28332991 | C23: =Power_Trend!Q28 -> 0.026445827 | D23: =Power_Trend!P31 -> 10.713596 | E23: =Power_Trend!P34 -> 4.0883927e-12

Sheet DA_Tool_Exponential
A1: SUMMARY OUTPUT
A3: Regression Statistics
A4: Multiple R | B4: 0.95892556
A5: R Square | B5: 0.91953822
A6: Adjusted R Square | B6: 0.91702379
A7: Standard Error | B7: 0.068531697
A8: Observations | B8: 34
A10: ANOVA
B11: df | C11: SS | D11: MS | E11: F | F11: Significance F
A12: Regression | B12: 1 | C12: 1.7175648 | D12: 1.7175648 | E12: 365.70437 | F12: 4.4927325e-19
A13: Residual | B13: 32 | C13: 0.15029099 | D13: 0.0046965935
A14: Total | B14: 33 | C14: 1.8678557
B16: Coefficients | C16: Standard Error | D16: t Stat | E16: P-value | F16: Lower 95% | G16: Upper 95% | H16: Lower 95,0% | I16: Upper 95,0%
A17: Intercept | B17: 12.871849 | C17: 0.025086291 | D17: 513.10293 | E17: 3.1696321e-64 | F17: 12.82075 | G17: 12.922948 | H17: 12.82075 | I17: 12.922948
A18: X Variable 1 | B18: 0.022909559 | C18: 0.0011979858 | D18: 19.123399 | E18: 4.4927325e-19 | F18: 0.020469342 | G18: 0.025349776 | H18: 0.020469342 | I18: 0.025349776
A20: MY RESULTS
B21: =B16 -> Coefficients | C21: =C16 -> Standard Error | D21: =D16 -> t Stat | E21: =E16 -> P-value
A22: =A17 -> Intercept | B22: =Exponential_Trend!Q18 -> 12.871849 | C22: =Exponential_Trend!P27 -> 0.025086291 | D22: =Exponential_Trend!P30 -> 513.10293 | E22: =Exponential_Trend!P33 -> 3.1696321e-64
A23: =A18 -> X Variable 1 | B23: =Exponential_Trend!Q19 -> 0.022909559 | C23: =Exponential_Trend!Q28 -> 0.0011979858 | D23: =Exponential_Trend!P31 -> 19.123399 | E23: =Exponential_Trend!P34 -> 4.4927325e-19
